0.0,0.0,0.0,10.0,0.00.0,0.0,0.0,10.0,0.00.0,0.0,0.025511111111111113,9.835964444444445,0.090880.0,0.0,0.0,10.0,0.00.0,0.0,0.0,10.0,0.00.0,0.0,0.0,10.0,0.00.0,0.0,0.06611555555555555,9.51576888888889,0.291875555555555550.0,0.0,2.1187377777777776,7.2304,0.46638222222222220.0,0.0,0.15429333333333334,9.363377777777778,0.36728888888888890.0,0.0,0.0,10.0,0.00.0,0.0,0.001973333333333333,9.988746666666668,0.00138666666666666670.0,0.0,1.6445866666666666,7.5299733333333325,0.56748444444444450.0,0.0,9.881564444444443,0.09072,0.0052977777777777780.0,0.0,2.2130311111111114,7.241297777777778,0.39207111111111110.0,0.0,0.09543111111111112,9.691608888888888,0.146560.0,0.0,0.0,10.0,0.00.0,1.0666666666666667E-4,0.043235555555555555,9.51856,0.33054222222222220.0,1.7777777777777777E-5,1.8432533333333334,7.405315555555556,0.55834666666666670.0,0.0,0.13482666666666668,9.381617777777777,0.36606222222222220.0,0.0,0.0,10.0,0.00.0,0.0,0.0,10.0,0.00.0,0.0,0.0,10.0,0.00.0,0.0,0.015200000000000002,9.84256,0.100906666666666660.0,0.0,0.0,10.0,0.00.0,0.0,0.0,10.0,0.026
0.0,0.0,0.0,10.0,0.00.0,0.0,0.0,10.0,0.00.0,0.0,0.025386666666666665,9.83616,0.090133333333333330.0,0.0,0.0,10.0,0.00.0,0.0,0.0,10.0,0.00.0,0.0,0.0,10.0,0.00.0,0.0,0.0848,9.369297777777778,0.38451555555555560.0,0.0,2.1142044444444443,7.230808888888889,0.47054222222222220.0,0.0,0.12058666666666668,9.510417777777779,0.280853333333333340.0,0.0,0.0,10.0,0.00.0,0.0,0.02426666666666667,9.686257777777778,0.19120.0,0.0,2.025671111111111,7.2436444444444446,0.50391111111111110.0,0.0,9.886222222222221,0.09002666666666667,0.0045333333333333330.0,0.0,1.8551822222222223,7.5316977777777785,0.44028444444444450.0,0.0,0.0033066666666666665,9.988888888888889,0.00117333333333333330.0,0.0,0.0,10.0,0.00.0,1.0666666666666667E-4,0.05491555555555556,9.374328888888888,0.431733333333333360.0,3.555555555555555E-5,1.8392355555555557,7.405884444444445,0.55955555555555560.0,0.0,0.10083555555555555,9.524124444444444,0.28494222222222220.0,0.0,0.0,10.0,0.00.0,0.0,0.0,10.0,0.00.0,0.0,0.0,10.0,0.00.0,1.7777777777777777E-5,0.015253333333333334,9.842133333333333,0.101102222222222220.0,0.0,0.0,10.0,0.00.0,0.0,0.0,10.0,0.026
0.0,0.0,0.0,10.0,0.00.0,0.0,0.0,10.0,0.00.0,0.0,0.02455111111111111,9.841742222222221,0.087004444444444440.0,0.0,0.0,10.0,0.00.0,0.0,0.0,10.0,0.00.0,0.0,0.0,10.0,0.00.0,0.0,0.08896,9.334275555555555,0.40791111111111110.0,0.0,2.0327466666666667,7.311662222222223,0.47096888888888890.0,0.0,0.09811555555555557,9.60839111111111,0.22280888888888890.0,0.0,0.0,10.0,0.00.0,0.0,0.027626666666666667,9.628355555555556,0.227057777777777750.0,0.0,1.9350933333333333,7.32752,0.50993777777777780.0,0.0,9.802666666666667,0.16739555555555558,0.0053155555555555550.0,0.0,1.414151111111111,8.044213333333333,0.38714666666666670.0,0.0,0.0,10.0,0.00.0,0.0,0.0,10.0,0.00.0,5.333333333333333E-5,0.05904,9.342631111111112,0.45246222222222220.0,1.7777777777777777E-5,1.767271111111111,7.478062222222222,0.55854222222222230.0,0.0,0.07948444444444444,9.619946666666667,0.22792888888888890.0,0.0,0.0,10.0,0.00.0,0.0,0.0,10.0,0.00.0,0.0,0.0,10.0,0.00.0,3.555555555555555E-5,0.01470222222222222,9.847182222222223,0.097653333333333340.0,0.0,0.0,10.0,0.00.0,0.0,0.0,10.0,0.026
260.0,0.0,0.0,10.0,0.00.0,0.0,0.0,10.0,0.00.0,0.0,0.0,10.0,0.00.0,0.0,0.0,10.0,0.00.0,0.0,0.0,10.0,0.00.0,0.0,0.0,10.0,0.00.0,0.0,0.0,10.0,0.00.0,0.0,0.0,10.0,0.00.0,0.0,0.0,10.0,0.00.0,0.0,0.0,10.0,0.00.0,0.0,0.0,10.0,0.00.0,0.0,0.0,10.0,0.00.0,0.0,0.0,10.0,0.00.0,0.0,0.0,10.0,0.00.0,0.0,0.04273777777777778,9.698204444444444,0.16561777777777780.0,0.0,0.05930666666666667,9.645653333333334,0.197902222222222230.0,0.0,0.0,10.0,0.00.0,0.0,0.0,10.0,0.00.0,0.0,0.0,10.0,0.00.0,0.0,0.0,10.0,0.00.0,0.0,0.0,10.0,0.00.0,0.0,0.0,10.0,0.00.0,0.0,0.0,10.0,0.00.0,0.0,0.041244444444444445,9.745422222222222,0.123377777777777780.0,0.0,0.27541333333333334,8.561706666666666,0.86684444444444440.0,0.0,0.26638222222222224,8.573724444444444,0.91996444444444450.0,0.0,0.1253688888888889,9.455573333333334,0.296177777777777760.0,0.0,0.0,10.0,0.00.0,0.0,0.0,10.0,0.00.0,0.0,0.0,10.0,0.00.0,0.0,0.0,10.0,0.00.0,0.0,0.0,10.0,0.00.0,0.0,0.018773333333333333,9.84448,0.080640.0,0.0,0.2028088888888889,8.470115555555555,0.962560.0,0.0,3.7686044444444446,6.044586666666667,0.0552533333333333350.0,0.0,4.154951111111111,5.733333333333333,0.0204799999999999980.0,0.0,0.30350222222222223,8.64440888888889,0.84302222222222220.0,0.0,0.1855288888888889,9.347911111111111,0.328320.0,0.0,0.0,10.0,0.00.0,0.0,0.0,10.0,0.00.0,0.0,0.0,10.0,0.00.0,0.0,0.004266666666666667,9.972906666666667,0.0036266666666666670.0,0.0,0.14812444444444445,8.415502222222223,1.12782222222222230.0,0.0,3.398897777777778,6.423182222222223,0.0264533333333333320.0,0.0,9.882666666666665,0.08504888888888888,0.0086044444444444460.0,0.0,9.961884444444443,0.021333333333333336,0.00220444444444444460.0,0.0,4.339982222222222,5.541617777777778,0.0259555555555555550.0,0.0,0.3775288888888889,8.704284444444445,0.71082666666666670.0,0.0,0.20949333333333334,9.340871111111111,0.30499555555555550.0,0.0,0.0,10.0,0.00.0,0.0,0.0,10.0,0.00.0,0.0,0.003626666666666667,9.98208,0.001920.0,0.0,0.13390222222222223,8.395306666666666,1.09418666666666660.0,0.0,2.890311111111111,6.879715555555555,0.0184177777777777760.0,0.0,9.772444444444444,0.17400888888888888,0.00547555555555555560.0,0.0,9.900942222222222,0.0794311111111111,0.0045511111111111110.0,0.0,3.7911466666666667,6.100195555555556,0.0154311111111111120.0,0.0,0.3392,8.606506666666666,0.81137777777777780.0,0.0,0.17194666666666666,9.42264888888889,0.279324444444444430.0,0.0,0.0,10.0,0.00.0,0.0,0.0,10.0,0.00.0,0.0,0.0,10.0,0.00.0,0.0,0.011875555555555556,9.910115555555555,0.0388977777777777740.0,4.2666666666666667E-4,0.14364444444444446,8.378595555555556,1.14851555555555550.0,0.0,3.353031111111111,6.444444444444445,0.044799999999999990.0,0.0,3.626595555555556,6.251093333333333,0.015360.0,0.0,0.3099022222222222,8.543146666666667,0.89841777777777790.0,0.0,0.12707555555555555,9.45472,0.293120.0,0.0,0.0,10.0,0.00.0,0.0,0.0,10.0,0.00.0,0.0,0.0,10.0,0.00.0,0.0,0.0,10.0,0.00.0,0.0,0.0,10.0,0.00.0,0.0,0.01728,9.783111111111111,0.132053333333333330.0,7.11111111111111E-5,0.15239111111111112,8.463857777777777,1.0821688888888890.0,0.0,0.22648888888888888,8.452764444444444,1.08480.0,0.0,0.09948444444444443,9.522488888888889,0.27143111111111110.0,0.0,0.0,10.0,0.00.0,0.0,0.0,10.0,0.00.0,0.0,0.0,10.0,0.00.0,0.0,0.0,10.0,0.00.0,0.0,0.0,10.0,0.00.0,0.0,0.0,10.0,0.00.0,0.0,0.0,10.0,0.00.0,0.0,0.022399999999999996,9.695715555555555,0.195057777777777770.0,0.0,0.038400000000000004,9.672604444444445,0.20807111111111110.0,0.0,0.0,10.0,0.00.0,0.0,0.0,10.0,0.00.0,0.0,0.0,10.0,0.00.0,0.0,0.0,10.0,0.00.0,0.0,0.0,10.0,0.00.0,0.0,0.0,10.0,0.00.0,0.0,0.0,10.0,0.00.0,0.0,0.0,10.0,0.00.0,0.0,0.0,10.0,0.00.0,0.0,0.0,10.0,0.00.0,0.0,0.0,10.0,0.00.0,0.0,0.0,10.0,0.00.0,0.0,0.0,10.0,0.00.0,0.0,0.0,10.0,0.0
260.0,0.0,0.0,10.0,0.00.0,0.0,0.0,10.0,0.00.0,0.0,0.0,10.0,0.00.0,0.0,0.0,10.0,0.00.0,0.0,0.0,10.0,0.00.0,0.0,0.0,10.0,0.00.0,0.0,0.0,10.0,0.00.0,0.0,0.0,10.0,0.00.0,0.0,0.0,10.0,0.00.0,0.0,0.0,10.0,0.00.0,0.0,0.0,10.0,0.00.0,0.0,0.0,10.0,0.00.0,0.0,0.0,10.0,0.00.0,0.0,0.0,10.0,0.00.0,0.0,0.04906666666666667,9.65312,0.191644444444444450.0,0.0,0.05248,9.69152,0.168888888888888870.0,0.0,0.0,10.0,0.00.0,0.0,0.0,10.0,0.00.0,0.0,0.0,10.0,0.00.0,0.0,0.0,10.0,0.00.0,0.0,0.0,10.0,0.00.0,0.0,0.0,10.0,0.00.0,0.0,0.0,10.0,0.00.0,0.0,0.08263111111111111,9.481528888888889,0.269795555555555570.0,0.0,0.27214222222222223,8.578915555555556,0.86613333333333330.0,0.0,0.2648888888888889,8.55744,0.93176888888888890.0,0.0,0.06976,9.725226666666666,0.134044444444444440.0,0.0,0.0,10.0,0.00.0,0.0,0.0,10.0,0.00.0,0.0,0.0,10.0,0.00.0,0.0,0.0,10.0,0.00.0,0.0,0.0,10.0,0.00.0,0.0,0.07587555555555556,9.351040000000001,0.403697777777777770.0,0.0,0.18012444444444445,8.639644444444444,0.85987555555555550.0,0.0,4.025244444444445,5.76704,0.060373333333333330.0,0.0,3.8875733333333335,6.004124444444444,0.019128888888888890.0,0.0,0.3561955555555556,8.47104,0.93041777777777780.0,0.0,0.05312,9.839928888888888,0.057528888888888890.0,0.0,0.0,10.0,0.00.0,0.0,0.0,10.0,0.00.0,0.0,0.0,10.0,0.00.0,0.0,0.049564444444444446,9.320035555555556,0.440675555555555540.0,0.0,0.13269333333333333,8.70584888888889,0.94691555555555550.0,0.0,4.236515555555556,5.5556977777777785,0.0297955555555555540.0,0.0,9.96032,0.023964444444444444,0.0046222222222222220.0,0.0,9.899875555555555,0.08334222222222222,0.0039822222222222220.0,0.0,3.4858666666666664,6.408533333333334,0.0206222222222222220.0,0.0,0.4703288888888889,8.43271111111111,0.83299555555555560.0,0.0,0.007893333333333332,9.972480000000001,0.0026311111111111110.0,0.0,0.0,10.0,0.00.0,0.0,0.0,10.0,0.00.0,0.0,0.04672,9.422364444444444,0.32376888888888890.0,0.0,0.11783111111111111,8.576995555555555,1.025280.0,0.0,3.614151111111111,6.127928888888889,0.0128711111111111110.0,0.0,9.884231111111111,0.0800711111111111,0.00334222222222222260.0,0.0,9.794204444444444,0.1727288888888889,0.0061866666666666670.0,0.0,3.0404977777777775,6.858524444444445,0.0241777777777777770.0,0.0,0.41372444444444445,8.41792,0.88014222222222220.0,0.0,0.005333333333333334,9.983075555555555,0.00206222222222222220.0,0.0,0.0,10.0,0.00.0,0.0,0.0,10.0,0.00.0,0.0,0.0,10.0,0.00.0,0.0,0.04743111111111111,9.447253333333332,0.357973333333333370.0,3.555555555555555E-4,0.13262222222222222,8.52416,1.05486222222222210.0,0.0,3.5731200000000003,6.209351111111111,0.045724444444444440.0,0.0,3.4050844444444444,6.485475555555555,0.0140799999999999990.0,0.0,0.32448,8.400213333333333,1.00124444444444440.0,0.0,0.025884444444444446,9.907484444444444,0.0284444444444444460.0,0.0,0.0,10.0,0.00.0,0.0,0.0,10.0,0.00.0,0.0,0.0,10.0,0.00.0,0.0,0.0,10.0,0.00.0,0.0,0.0,10.0,0.00.0,7.11111111111111E-5,0.03797333333333334,9.520142222222223,0.311466666666666670.0,1.422222222222222E-4,0.1479111111111111,8.475875555555556,1.08131555555555560.0,0.0,0.2208,8.444231111111112,1.09390222222222230.0,0.0,0.05283555555555555,9.786168888888888,0.107377777777777780.0,0.0,0.0,10.0,0.00.0,0.0,0.0,10.0,0.00.0,0.0,0.0,10.0,0.00.0,0.0,0.0,10.0,0.00.0,0.0,0.0,10.0,0.00.0,0.0,0.0,10.0,0.00.0,0.0,0.0,10.0,0.00.0,7.11111111111111E-5,0.029226666666666668,9.653191111111111,0.22193777777777780.0,0.0,0.03143111111111111,9.71271111111111,0.181404444444444450.0,0.0,0.0,10.0,0.00.0,0.0,0.0,10.0,0.00.0,0.0,0.0,10.0,0.00.0,0.0,0.0,10.0,0.00.0,0.0,0.0,10.0,0.00.0,0.0,0.0,10.0,0.00.0,0.0,0.0,10.0,0.00.0,0.0,0.0,10.0,0.00.0,0.0,0.0,10.0,0.00.0,0.0,0.0,10.0,0.00.0,0.0,0.0,10.0,0.00.0,0.0,0.0,10.0,0.00.0,0.0,0.0,10.0,0.00.0,0.0,0.0,10.0,0.0
260.0,0.0,0.0,10.0,0.00.0,0.0,0.0,10.0,0.00.0,0.0,0.0,10.0,0.00.0,0.0,0.0,10.0,0.00.0,0.0,0.0,10.0,0.00.0,0.0,0.0,10.0,0.00.0,0.0,0.0,10.0,0.00.0,0.0,0.0,10.0,0.00.0,0.0,0.0,10.0,0.00.0,0.0,0.0,10.0,0.00.0,0.0,0.0,10.0,0.00.0,0.0,0.0,10.0,0.00.0,0.0,0.0,10.0,0.00.0,0.0,0.0,10.0,0.00.0,0.0,0.049493333333333334,9.64024888888889,0.195413333333333330.0,0.0,0.048355555555555554,9.72416,0.15047111111111110.0,0.0,0.0,10.0,0.00.0,0.0,0.0,10.0,0.00.0,0.0,0.0,10.0,0.00.0,0.0,0.0,10.0,0.00.0,0.0,0.0,10.0,0.00.0,0.0,0.0,10.0,0.00.0,0.0,0.0,10.0,0.00.0,0.0,0.08746666666666666,9.439502222222222,0.289137777777777770.0,0.0,0.27811555555555556,8.567893333333332,0.86556444444444450.0,0.0,0.27783111111111114,8.550826666666666,0.92707555555555550.0,0.0,0.028231111111111113,9.911111111111111,0.0278755555555555560.0,0.0,0.0,10.0,0.00.0,0.0,0.0,10.0,0.00.0,0.0,0.0,10.0,0.00.0,0.0,0.0,10.0,0.00.0,0.0,0.0,10.0,0.00.0,0.0,0.08888888888888889,9.261724444444445,0.461439999999999960.0,0.0,0.17664,8.62976,0.88014222222222220.0,0.0,3.9736177777777777,5.822506666666667,0.060017777777777780.0,0.0,3.5971555555555557,6.294115555555555,0.0258133333333333340.0,0.0,0.3603911111111111,8.525368888888888,0.86250666666666680.0,0.0,0.002417777777777778,9.993884444444443,4.977777777777778E-40.0,0.0,0.0,10.0,0.00.0,0.0,0.0,10.0,0.00.0,0.0,0.0,10.0,0.00.0,0.0,0.05788444444444444,9.200426666666667,0.52117333333333340.0,0.0,0.12977777777777777,8.703146666666667,0.95153777777777780.0,0.0,4.056817777777778,5.730204444444444,0.0288000000000000030.0,0.0,9.94567111111111,0.03306666666666667,0.0068977777777777780.0,0.0,9.770524444444444,0.20757333333333333,0.0036977777777777780.0,0.0,2.665955555555555,7.101724444444445,0.142577777777777780.0,0.0,0.3645155555555556,8.802702222222221,0.611840.0,0.0,0.0,10.0,0.00.0,0.0,0.0,10.0,0.00.0,0.0,0.0,10.0,0.00.0,0.0,0.051555555555555556,9.31000888888889,0.386275555555555540.0,0.0,0.11342222222222223,8.563057777777779,1.043840.0,0.0,3.437653333333333,6.301297777777778,0.0123733333333333330.0,0.0,9.858844444444445,0.09792000000000001,0.0039822222222222220.0,0.0,9.635626666666667,0.3310222222222222,0.0066844444444444450.0,0.0,2.302862222222222,7.418382222222222,0.175146666666666670.0,0.0,0.3127466666666667,8.841671111111111,0.61425777777777780.0,0.0,0.0,10.0,0.00.0,0.0,0.0,10.0,0.00.0,0.0,0.0,10.0,0.00.0,0.0,0.0,10.0,0.00.0,0.0,0.05688888888888889,9.372942222222223,0.40760888888888890.0,2.1333333333333333E-4,0.13674666666666666,8.513137777777777,1.06602666666666670.0,0.0,3.5116799999999997,6.265813333333333,0.044515555555555560.0,0.0,3.150862222222222,6.7106844444444445,0.037048888888888890.0,0.0,0.30101333333333335,8.533048888888889,0.894720.0,0.0,0.0,10.0,0.00.0,0.0,0.0,10.0,0.00.0,0.0,0.0,10.0,0.00.0,0.0,0.0,10.0,0.00.0,0.0,0.0,10.0,0.00.0,0.0,0.0,10.0,0.00.0,0.0,0.041244444444444445,9.478897777777778,0.33422222222222220.0,7.11111111111111E-5,0.15324444444444443,8.46471111111111,1.08686222222222220.0,0.0,0.23459555555555556,8.465208888888888,1.06240.0,0.0,0.016924444444444447,9.943822222222222,0.0144355555555555560.0,0.0,0.0,10.0,0.00.0,0.0,0.0,10.0,0.00.0,0.0,0.0,10.0,0.00.0,0.0,0.0,10.0,0.00.0,0.0,0.0,10.0,0.00.0,0.0,0.0,10.0,0.00.0,0.0,0.0,10.0,0.00.0,1.422222222222222E-4,0.03008,9.643946666666666,0.227626666666666670.0,0.0,0.028728888888888887,9.744782222222222,0.162986666666666670.0,0.0,0.0,10.0,0.00.0,0.0,0.0,10.0,0.00.0,0.0,0.0,10.0,0.00.0,0.0,0.0,10.0,0.00.0,0.0,0.0,10.0,0.00.0,0.0,0.0,10.0,0.00.0,0.0,0.0,10.0,0.00.0,0.0,0.0,10.0,0.00.0,0.0,0.0,10.0,0.00.0,0.0,0.0,10.0,0.00.0,0.0,0.0,10.0,0.00.0,0.0,0.0,10.0,0.00.0,0.0,0.0,10.0,0.00.0,0.0,0.0,10.0,0.0
260.0,0.0,0.0,10.0,0.00.0,0.0,0.0,10.0,0.00.0,0.0,0.025511111111111113,9.835964444444445,0.090880.0,0.0,0.0,10.0,0.00.0,0.0,0.0,10.0,0.00.0,0.0,0.0,10.0,0.00.0,0.0,0.06570666666666666,9.515004444444445,0.291644444444444430.0,0.0,2.116337777777778,7.228337777777778,0.46563555555555550.0,0.0,0.15360000000000001,9.361973333333333,0.366880.0,0.0,0.0,10.0,0.00.0,0.0,0.001973333333333333,9.988746666666668,0.00138666666666666670.0,0.0,1.642808888888889,7.528426666666666,0.566720.0,0.0,9.879484444444444,0.08995555555555555,0.0052088888888888890.0,0.0,2.2119644444444444,7.238151111111111,0.39089777777777780.0,0.0,0.09536,9.69088,0.146080.0,0.0,0.0,10.0,0.00.0,1.0666666666666667E-4,0.0432,9.517955555555556,0.329866666666666640.0,1.7777777777777777E-5,1.8396266666666667,7.40304,0.55678222222222220.0,0.0,0.13411555555555554,9.380088888888888,0.365742222222222250.0,0.0,0.0,10.0,0.00.0,0.0,0.0,10.0,0.00.0,0.0,0.0,10.0,0.00.0,0.0,0.015200000000000002,9.84208,0.100782222222222230.0,0.0,0.0,10.0,0.00.0,0.0,0.0,10.0,0.0
260.0,0.0,0.0,10.0,0.00.0,0.0,0.0,10.0,0.00.0,0.0,0.025386666666666665,9.83616,0.090133333333333330.0,0.0,0.0,10.0,0.00.0,0.0,0.0,10.0,0.00.0,0.0,0.0,10.0,0.00.0,0.0,0.08465777777777778,9.368053333333334,0.38334222222222220.0,0.0,2.1124622222222222,7.2268799999999995,0.469351111111111050.0,0.0,0.1197688888888889,9.50904888888889,0.28049777777777780.0,0.0,0.0,10.0,0.00.0,0.0,0.024071111111111113,9.685599999999999,0.19111111111111110.0,0.0,2.025297777777778,7.241617777777778,0.50371555555555560.0,0.0,9.884657777777777,0.09002666666666667,0.0045333333333333330.0,0.0,1.8526044444444445,7.529422222222221,0.439484444444444460.0,0.0,0.0033066666666666665,9.988888888888889,0.00117333333333333330.0,0.0,0.0,10.0,0.00.0,1.0666666666666667E-4,0.05450666666666667,9.372888888888887,0.43107555555555560.0,3.555555555555555E-5,1.8367288888888889,7.403733333333333,0.55875555555555560.0,0.0,0.1008,9.523466666666668,0.284266666666666670.0,0.0,0.0,10.0,0.00.0,0.0,0.0,10.0,0.00.0,0.0,0.0,10.0,0.00.0,1.7777777777777777E-5,0.015164444444444444,9.841475555555556,0.100835555555555550.0,0.0,0.0,10.0,0.00.0,0.0,0.0,10.0,0.0
260.0,0.0,0.0,10.0,0.00.0,0.0,0.0,10.0,0.00.0,0.0,0.02446222222222222,9.841102222222222,0.086471111111111110.0,0.0,0.0,10.0,0.00.0,0.0,0.0,10.0,0.00.0,0.0,0.0,10.0,0.00.0,0.0,0.08824888888888889,9.332746666666667,0.407680.0,0.0,2.0316799999999997,7.3088355555555555,0.469617777777777750.0,0.0,0.09776,9.60759111111111,0.222720.0,0.0,0.0,10.0,0.00.0,0.0,0.027360000000000002,9.627608888888888,0.226862222222222220.0,0.0,1.9344177777777776,7.324426666666667,0.50913777777777780.0,0.0,9.802666666666667,0.16739555555555558,0.0053155555555555550.0,0.0,1.4115199999999999,8.041120000000001,0.385955555555555550.0,0.0,0.0,10.0,0.00.0,0.0,0.0,10.0,0.00.0,5.333333333333333E-5,0.058719999999999994,9.341244444444444,0.45196444444444440.0,1.7777777777777777E-5,1.7625955555555555,7.476604444444445,0.55770666666666670.0,0.0,0.07948444444444444,9.619217777777777,0.227288888888888870.0,0.0,0.0,10.0,0.00.0,0.0,0.0,10.0,0.00.0,0.0,0.0,10.0,0.00.0,3.555555555555555E-5,0.01470222222222222,9.847182222222223,0.097653333333333340.0,0.0,0.0,10.0,0.00.0,0.0,0.0,10.0,0.0
260.0,0.0,0.0,10.0,0.00.0,0.0,0.0,10.0,0.00.0,0.0,0.025511111111111113,9.835964444444445,0.090880.0,0.0,0.0,10.0,0.00.0,0.0,0.0,10.0,0.00.0,0.0,0.0,10.0,0.00.0,0.0,0.06570666666666666,9.515004444444445,0.291644444444444430.0,0.0,2.116337777777778,7.228337777777778,0.46563555555555550.0,0.0,0.15360000000000001,9.361973333333333,0.366880.0,0.0,0.0,10.0,0.00.0,0.0,0.001973333333333333,9.988746666666668,0.00138666666666666670.0,0.0,1.642808888888889,7.528426666666666,0.566720.0,0.0,9.879484444444444,0.08995555555555555,0.0052088888888888890.0,0.0,2.2119644444444444,7.238151111111111,0.39089777777777780.0,0.0,0.09536,9.69088,0.146080.0,0.0,0.0,10.0,0.00.0,1.0666666666666667E-4,0.0432,9.517955555555556,0.329866666666666640.0,1.7777777777777777E-5,1.8396266666666667,7.40304,0.55678222222222220.0,0.0,0.13411555555555554,9.380088888888888,0.365742222222222250.0,0.0,0.0,10.0,0.00.0,0.0,0.0,10.0,0.00.0,0.0,0.0,10.0,0.00.0,0.0,0.015200000000000002,9.84208,0.100782222222222230.0,0.0,0.0,10.0,0.00.0,0.0,0.0,10.0,0.0
10.0,0.0,0.0,10.0,0.00.0,0.10416666666666666,0.0,9.791666666666666,0.00.0,2.1875,0.0,7.65625,0.00.0,0.10416666666666666,0.0,9.791666666666666,0.00.0,0.0,0.0,10.0,0.00.0,0.0,0.0,10.0,0.00.3125,4.0625,0.0,5.15625,0.00.36458333333333337,6.875,0.0,2.3958333333333335,0.00.05208333333333333,5.46875,0.0,4.21875,0.00.0,0.0,0.0,10.0,0.00.0,0.0,0.0,10.0,0.00.0,7.239583333333334,0.0,2.65625,0.00.05208333333333333,5.625,0.0,3.90625,0.00.10416666666666666,7.604166666666666,0.0,1.8229166666666665,0.00.0,0.0,0.0,10.0,0.00.0,0.0,0.0,10.0,0.00.20833333333333331,5.46875,0.0,4.21875,0.00.0,6.71875,0.0,0.9375,0.00.5208333333333334,3.59375,0.0,4.21875,0.00.0,0.0,0.0,10.0,0.00.0,0.0,0.0,10.0,0.00.10416666666666666,0.10416666666666666,0.0,9.791666666666666,0.00.0,1.5625,0.0,7.604166666666666,0.00.0,0.0,0.0,9.739583333333334,0.00.0,0.0,0.0,10.0,0.0
10.0,0.0,0.0,10.0,0.00.0,0.20833333333333331,0.0,9.6875,0.00.05208333333333333,2.1354166666666665,0.0,7.552083333333334,0.00.05208333333333333,0.05208333333333333,0.0,9.895833333333334,0.00.0,0.0,0.0,10.0,0.00.0,0.0,0.0,10.0,0.00.15625,4.6875,0.0,4.635416666666667,0.00.05208333333333333,6.822916666666666,0.0,1.6666666666666665,0.00.10416666666666666,4.739583333333333,0.0,5.052083333333334,0.00.0,0.0,0.0,10.0,0.00.0,0.0,0.0,10.0,0.00.10416666666666666,7.1875,0.0,1.4583333333333335,0.00.0,4.166666666666667,0.0,3.541666666666667,0.00.10416666666666666,7.083333333333334,0.0,2.604166666666667,0.00.0,0.0,0.0,10.0,0.00.0,0.0,0.0,10.0,0.00.10416666666666666,6.09375,0.0,3.59375,0.00.0,8.125,0.0,1.8229166666666665,0.00.10416666666666666,4.53125,0.0,5.15625,0.00.0,0.0,0.0,10.0,0.00.0,0.0,0.0,10.0,0.00.10416666666666666,0.20833333333333331,0.0,9.6875,0.00.10416666666666666,2.03125,0.0,7.708333333333334,0.00.0,0.05208333333333333,0.0,9.895833333333334,0.00.0,0.0,0.0,10.0,0.0
260.0,0.0,0.0,10.0,0.00.0,0.0,0.0,10.0,0.00.0,0.0,0.025386666666666665,9.83616,0.090133333333333330.0,0.0,0.0,10.0,0.00.0,0.0,0.0,10.0,0.00.0,0.0,0.0,10.0,0.00.0,0.0,0.08465777777777778,9.368053333333334,0.38334222222222220.0,0.0,2.1124622222222222,7.2268799999999995,0.469351111111111050.0,0.0,0.1197688888888889,9.50904888888889,0.28049777777777780.0,0.0,0.0,10.0,0.00.0,0.0,0.024071111111111113,9.685599999999999,0.19111111111111110.0,0.0,2.025297777777778,7.241617777777778,0.50371555555555560.0,0.0,9.884657777777777,0.09002666666666667,0.0045333333333333330.0,0.0,1.8526044444444445,7.529422222222221,0.439484444444444460.0,0.0,0.0033066666666666665,9.988888888888889,0.00117333333333333330.0,0.0,0.0,10.0,0.00.0,1.0666666666666667E-4,0.05450666666666667,9.372888888888887,0.43107555555555560.0,3.555555555555555E-5,1.8367288888888889,7.403733333333333,0.55875555555555560.0,0.0,0.1008,9.523466666666668,0.284266666666666670.0,0.0,0.0,10.0,0.00.0,0.0,0.0,10.0,0.00.0,0.0,0.0,10.0,0.00.0,1.7777777777777777E-5,0.015164444444444444,9.841475555555556,0.100835555555555550.0,0.0,0.0,10.0,0.00.0,0.0,0.0,10.0,0.0
260.0,0.0,0.0,10.0,0.00.0,0.0,0.0,10.0,0.00.0,0.0,0.02446222222222222,9.841102222222222,0.086471111111111110.0,0.0,0.0,10.0,0.00.0,0.0,0.0,10.0,0.00.0,0.0,0.0,10.0,0.00.0,0.0,0.08824888888888889,9.332746666666667,0.407680.0,0.0,2.0316799999999997,7.3088355555555555,0.469617777777777750.0,0.0,0.09776,9.60759111111111,0.222720.0,0.0,0.0,10.0,0.00.0,0.0,0.027360000000000002,9.627608888888888,0.226862222222222220.0,0.0,1.9344177777777776,7.324426666666667,0.50913777777777780.0,0.0,9.802666666666667,0.16739555555555558,0.0053155555555555550.0,0.0,1.4115199999999999,8.041120000000001,0.385955555555555550.0,0.0,0.0,10.0,0.00.0,0.0,0.0,10.0,0.00.0,5.333333333333333E-5,0.058719999999999994,9.341244444444444,0.45196444444444440.0,1.7777777777777777E-5,1.7625955555555555,7.476604444444445,0.55770666666666670.0,0.0,0.07948444444444444,9.619217777777777,0.227288888888888870.0,0.0,0.0,10.0,0.00.0,0.0,0.0,10.0,0.00.0,0.0,0.0,10.0,0.00.0,3.555555555555555E-5,0.01470222222222222,9.847182222222223,0.097653333333333340.0,0.0,0.0,10.0,0.00.0,0.0,0.0,10.0,0.0
260.0,0.0,0.0,10.0,0.00.0,0.0,0.0,10.0,0.00.0,0.0,0.025511111111111113,9.835964444444445,0.090880.0,0.0,0.0,10.0,0.00.0,0.0,0.0,10.0,0.00.0,0.0,0.0,10.0,0.00.0,0.0,0.06570666666666666,9.515004444444445,0.291644444444444430.0,0.0,2.116337777777778,7.228337777777778,0.46563555555555550.0,0.0,0.15360000000000001,9.361973333333333,0.366880.0,0.0,0.0,10.0,0.00.0,0.0,0.001973333333333333,9.988746666666668,0.00138666666666666670.0,0.0,1.642808888888889,7.528426666666666,0.566720.0,0.0,9.879484444444444,0.08995555555555555,0.0052088888888888890.0,0.0,2.2119644444444444,7.238151111111111,0.39089777777777780.0,0.0,0.09536,9.69088,0.146080.0,0.0,0.0,10.0,0.00.0,1.0666666666666667E-4,0.0432,9.517955555555556,0.329866666666666640.0,1.7777777777777777E-5,1.8396266666666667,7.40304,0.55678222222222220.0,0.0,0.13411555555555554,9.380088888888888,0.365742222222222250.0,0.0,0.0,10.0,0.00.0,0.0,0.0,10.0,0.00.0,0.0,0.0,10.0,0.00.0,0.0,0.015200000000000002,9.84208,0.100782222222222230.0,0.0,0.0,10.0,0.00.0,0.0,0.0,10.0,0.0
10.0,0.0,0.0,10.0,0.00.0,0.10416666666666666,0.0,9.791666666666666,0.00.0,2.1875,0.0,7.65625,0.00.0,0.10416666666666666,0.0,9.791666666666666,0.00.0,0.0,0.0,10.0,0.00.0,0.0,0.0,10.0,0.00.3125,4.0625,0.0,5.15625,0.00.36458333333333337,6.875,0.0,2.3958333333333335,0.00.05208333333333333,5.46875,0.0,4.21875,0.00.0,0.0,0.0,10.0,0.00.0,0.0,0.0,10.0,0.00.0,7.239583333333334,0.0,2.65625,0.00.05208333333333333,5.625,0.0,3.90625,0.00.10416666666666666,7.604166666666666,0.0,1.8229166666666665,0.00.0,0.0,0.0,10.0,0.00.0,0.0,0.0,10.0,0.00.20833333333333331,5.46875,0.0,4.21875,0.00.0,6.71875,0.0,0.9375,0.00.5208333333333334,3.59375,0.0,4.21875,0.00.0,0.0,0.0,10.0,0.00.0,0.0,0.0,10.0,0.00.10416666666666666,0.10416666666666666,0.0,9.791666666666666,0.00.0,1.5625,0.0,7.604166666666666,0.00.0,0.0,0.0,9.739583333333334,0.00.0,0.0,0.0,10.0,0.0
10.0,0.0,0.0,10.0,0.00.0,0.20833333333333331,0.0,9.6875,0.00.05208333333333333,2.1354166666666665,0.0,7.552083333333334,0.00.05208333333333333,0.05208333333333333,0.0,9.895833333333334,0.00.0,0.0,0.0,10.0,0.00.0,0.0,0.0,10.0,0.00.15625,4.6875,0.0,4.635416666666667,0.00.05208333333333333,6.822916666666666,0.0,1.6666666666666665,0.00.10416666666666666,4.739583333333333,0.0,5.052083333333334,0.00.0,0.0,0.0,10.0,0.00.0,0.0,0.0,10.0,0.00.10416666666666666,7.1875,0.0,1.4583333333333335,0.00.0,4.166666666666667,0.0,3.541666666666667,0.00.10416666666666666,7.083333333333334,0.0,2.604166666666667,0.00.0,0.0,0.0,10.0,0.00.0,0.0,0.0,10.0,0.00.10416666666666666,6.09375,0.0,3.59375,0.00.0,8.125,0.0,1.8229166666666665,0.00.10416666666666666,4.53125,0.0,5.15625,0.00.0,0.0,0.0,10.0,0.00.0,0.0,0.0,10.0,0.00.10416666666666666,0.20833333333333331,0.0,9.6875,0.00.10416666666666666,2.03125,0.0,7.708333333333334,0.00.0,0.05208333333333333,0.0,9.895833333333334,0.00.0,0.0,0.0,10.0,0.0
260.0,0.0,0.0,10.0,0.00.0,0.0,0.0,10.0,0.00.0,0.0,0.025386666666666665,9.83616,0.090133333333333330.0,0.0,0.0,10.0,0.00.0,0.0,0.0,10.0,0.00.0,0.0,0.0,10.0,0.00.0,0.0,0.08465777777777778,9.368053333333334,0.38334222222222220.0,0.0,2.1124622222222222,7.2268799999999995,0.469351111111111050.0,0.0,0.1197688888888889,9.50904888888889,0.28049777777777780.0,0.0,0.0,10.0,0.00.0,0.0,0.024071111111111113,9.685599999999999,0.19111111111111110.0,0.0,2.025297777777778,7.241617777777778,0.50371555555555560.0,0.0,9.884657777777777,0.09002666666666667,0.0045333333333333330.0,0.0,1.8526044444444445,7.529422222222221,0.439484444444444460.0,0.0,0.0033066666666666665,9.988888888888889,0.00117333333333333330.0,0.0,0.0,10.0,0.00.0,1.0666666666666667E-4,0.05450666666666667,9.372888888888887,0.43107555555555560.0,3.555555555555555E-5,1.8367288888888889,7.403733333333333,0.55875555555555560.0,0.0,0.1008,9.523466666666668,0.284266666666666670.0,0.0,0.0,10.0,0.00.0,0.0,0.0,10.0,0.00.0,0.0,0.0,10.0,0.00.0,1.7777777777777777E-5,0.015164444444444444,9.841475555555556,0.100835555555555550.0,0.0,0.0,10.0,0.00.0,0.0,0.0,10.0,0.0
260.0,0.0,0.0,10.0,0.00.0,0.0,0.0,10.0,0.00.0,0.0,0.02446222222222222,9.841102222222222,0.086471111111111110.0,0.0,0.0,10.0,0.00.0,0.0,0.0,10.0,0.00.0,0.0,0.0,10.0,0.00.0,0.0,0.08824888888888889,9.332746666666667,0.407680.0,0.0,2.0316799999999997,7.3088355555555555,0.469617777777777750.0,0.0,0.09776,9.60759111111111,0.222720.0,0.0,0.0,10.0,0.00.0,0.0,0.027360000000000002,9.627608888888888,0.226862222222222220.0,0.0,1.9344177777777776,7.324426666666667,0.50913777777777780.0,0.0,9.802666666666667,0.16739555555555558,0.0053155555555555550.0,0.0,1.4115199999999999,8.041120000000001,0.385955555555555550.0,0.0,0.0,10.0,0.00.0,0.0,0.0,10.0,0.00.0,5.333333333333333E-5,0.058719999999999994,9.341244444444444,0.45196444444444440.0,1.7777777777777777E-5,1.7625955555555555,7.476604444444445,0.55770666666666670.0,0.0,0.07948444444444444,9.619217777777777,0.227288888888888870.0,0.0,0.0,10.0,0.00.0,0.0,0.0,10.0,0.00.0,0.0,0.0,10.0,0.00.0,3.555555555555555E-5,0.01470222222222222,9.847182222222223,0.097653333333333340.0,0.0,0.0,10.0,0.00.0,0.0,0.0,10.0,0.0
260.0,0.0,0.0,10.0,0.00.0,0.0,0.0,10.0,0.00.0,0.0,0.025511111111111113,9.835964444444445,0.090880.0,0.0,0.0,10.0,0.00.0,0.0,0.0,10.0,0.00.0,0.0,0.0,10.0,0.00.0,0.0,0.06570666666666666,9.515004444444445,0.291644444444444430.0,0.0,2.116337777777778,7.228337777777778,0.46563555555555550.0,0.0,0.15360000000000001,9.361973333333333,0.366880.0,0.0,0.0,10.0,0.00.0,0.0,0.001973333333333333,9.988746666666668,0.00138666666666666670.0,0.0,1.642808888888889,7.528426666666666,0.566720.0,0.0,9.879484444444444,0.08995555555555555,0.0052088888888888890.0,0.0,2.2119644444444444,7.238151111111111,0.39089777777777780.0,0.0,0.09536,9.69088,0.146080.0,0.0,0.0,10.0,0.00.0,1.0666666666666667E-4,0.0432,9.517955555555556,0.329866666666666640.0,1.7777777777777777E-5,1.8396266666666667,7.40304,0.55678222222222220.0,0.0,0.13411555555555554,9.380088888888888,0.365742222222222250.0,0.0,0.0,10.0,0.00.0,0.0,0.0,10.0,0.00.0,0.0,0.0,10.0,0.00.0,0.0,0.015200000000000002,9.84208,0.100782222222222230.0,0.0,0.0,10.0,0.00.0,0.0,0.0,10.0,0.0
260.0,0.0,0.0,10.0,0.00.0,0.0,0.0,10.0,0.00.0,0.0,0.025386666666666665,9.83616,0.090133333333333330.0,0.0,0.0,10.0,0.00.0,0.0,0.0,10.0,0.00.0,0.0,0.0,10.0,0.00.0,0.0,0.08465777777777778,9.368053333333334,0.38334222222222220.0,0.0,2.1124622222222222,7.2268799999999995,0.469351111111111050.0,0.0,0.1197688888888889,9.50904888888889,0.28049777777777780.0,0.0,0.0,10.0,0.00.0,0.0,0.024071111111111113,9.685599999999999,0.19111111111111110.0,0.0,2.025297777777778,7.241617777777778,0.50371555555555560.0,0.0,9.884657777777777,0.09002666666666667,0.0045333333333333330.0,0.0,1.8526044444444445,7.529422222222221,0.439484444444444460.0,0.0,0.0033066666666666665,9.988888888888889,0.00117333333333333330.0,0.0,0.0,10.0,0.00.0,1.0666666666666667E-4,0.05450666666666667,9.372888888888887,0.43107555555555560.0,3.555555555555555E-5,1.8367288888888889,7.403733333333333,0.55875555555555560.0,0.0,0.1008,9.523466666666668,0.284266666666666670.0,0.0,0.0,10.0,0.00.0,0.0,0.0,10.0,0.00.0,0.0,0.0,10.0,0.00.0,1.7777777777777777E-5,0.015164444444444444,9.841475555555556,0.100835555555555550.0,0.0,0.0,10.0,0.00.0,0.0,0.0,10.0,0.0
260.0,0.0,0.0,10.0,0.00.0,0.0,0.0,10.0,0.00.0,0.0,0.02446222222222222,9.841102222222222,0.086471111111111110.0,0.0,0.0,10.0,0.00.0,0.0,0.0,10.0,0.00.0,0.0,0.0,10.0,0.00.0,0.0,0.08824888888888889,9.332746666666667,0.407680.0,0.0,2.0316799999999997,7.3088355555555555,0.469617777777777750.0,0.0,0.09776,9.60759111111111,0.222720.0,0.0,0.0,10.0,0.00.0,0.0,0.027360000000000002,9.627608888888888,0.226862222222222220.0,0.0,1.9344177777777776,7.324426666666667,0.50913777777777780.0,0.0,9.802666666666667,0.16739555555555558,0.0053155555555555550.0,0.0,1.4115199999999999,8.041120000000001,0.385955555555555550.0,0.0,0.0,10.0,0.00.0,0.0,0.0,10.0,0.00.0,5.333333333333333E-5,0.058719999999999994,9.341244444444444,0.45196444444444440.0,1.7777777777777777E-5,1.7625955555555555,7.476604444444445,0.55770666666666670.0,0.0,0.07948444444444444,9.619217777777777,0.227288888888888870.0,0.0,0.0,10.0,0.00.0,0.0,0.0,10.0,0.00.0,0.0,0.0,10.0,0.00.0,3.555555555555555E-5,0.01470222222222222,9.847182222222223,0.097653333333333340.0,0.0,0.0,10.0,0.00.0,0.0,0.0,10.0,0.0
260.0,0.0,0.0,10.0,0.00.0,0.0,0.0,10.0,0.00.0,0.0,0.0,10.0,0.00.0,0.0,0.0,10.0,0.00.0,0.0,0.0,10.0,0.00.0,0.0,0.0,10.0,0.00.0,0.0,0.0,10.0,0.00.0,0.0,0.0,10.0,0.00.0,0.0,0.0,10.0,0.00.0,0.0,0.0,10.0,0.00.0,0.0,0.0,10.0,0.00.0,0.0,0.0,10.0,0.00.0,0.0,0.0,10.0,0.00.0,0.0,0.0,10.0,0.00.0,0.0,0.0,10.0,0.00.0,0.0,0.0,10.0,0.00.0,0.0,0.0,10.0,0.00.0,0.0,0.0,10.0,0.00.0,0.0,0.0,10.0,0.00.0,0.0,0.0,10.0,0.00.0,0.0,0.0,10.0,0.00.0,0.0,0.0,10.0,0.00.0,0.0,0.0,10.0,0.00.0,0.0,0.0,10.0,0.00.0,0.0,0.0,10.0,0.0
260.0,0.0,0.0,10.0,0.00.0,0.0,0.0,10.0,0.00.0,0.0,0.0,10.0,0.00.0,0.0,0.0,10.0,0.00.0,0.0,0.0,10.0,0.00.0,0.0,0.0,10.0,0.00.0,0.0,0.0,10.0,0.00.0,0.0,0.0,10.0,0.00.0,0.0,0.0,10.0,0.00.0,0.0,0.0,10.0,0.00.0,0.0,0.0,10.0,0.00.0,0.0,0.0,10.0,0.00.0,0.0,0.0,10.0,0.00.0,0.0,0.0,10.0,0.00.0,0.0,0.0,10.0,0.00.0,0.0,0.0,10.0,0.00.0,0.0,0.0,10.0,0.00.0,0.0,0.0,10.0,0.00.0,0.0,0.0,10.0,0.00.0,0.0,0.0,10.0,0.00.0,0.0,0.0,10.0,0.00.0,0.0,0.0,10.0,0.00.0,0.0,0.0,10.0,0.00.0,0.0,0.0,10.0,0.00.0,0.0,0.0,10.0,0.0
260.0,0.0,0.0,10.0,0.00.0,0.0,0.0,10.0,0.00.0,0.0,0.0,10.0,0.00.0,0.0,0.0,10.0,0.00.0,0.0,0.0,10.0,0.00.0,0.0,0.0,10.0,0.00.0,0.0,0.0,10.0,0.00.0,0.0,0.0,10.0,0.00.0,0.0,0.0,10.0,0.00.0,0.0,0.0,10.0,0.00.0,0.0,0.0,10.0,0.00.0,0.0,0.0,10.0,0.00.0,0.0,0.0,10.0,0.00.0,0.0,0.0,10.0,0.00.0,0.0,0.0,10.0,0.00.0,0.0,0.0,10.0,0.00.0,0.0,0.0,10.0,0.00.0,0.0,0.0,10.0,0.00.0,0.0,0.0,10.0,0.00.0,0.0,0.0,10.0,0.00.0,0.0,0.0,10.0,0.00.0,0.0,0.0,10.0,0.00.0,0.0,0.0,10.0,0.00.0,0.0,0.0,10.0,0.00.0,0.0,0.0,10.0,0.0
260.0,0.0,0.0,10.0,0.00.0,0.0,0.0,10.0,0.00.0,0.0,0.0,10.0,0.00.0,0.0,0.0,10.0,0.00.0,0.0,0.0,10.0,0.00.0,0.0,0.0,10.0,0.00.0,0.0,0.0,10.0,0.00.0,0.0,0.0,10.0,0.00.0,0.0,0.0,10.0,0.00.0,0.0,0.0,10.0,0.00.0,0.0,0.0,10.0,0.00.0,0.0,0.0,10.0,0.00.0,0.0,0.0,10.0,0.00.0,0.0,0.0,10.0,0.00.0,0.0,0.0,10.0,0.00.0,0.0,0.0,10.0,0.00.0,0.0,0.0,10.0,0.00.0,0.0,0.0,10.0,0.00.0,0.0,0.0,10.0,0.00.0,0.0,0.0,10.0,0.00.0,0.0,0.0,10.0,0.00.0,0.0,0.0,10.0,0.00.0,0.0,0.0,10.0,0.00.0,0.0,0.0,10.0,0.00.0,0.0,0.0,10.0,0.0
260.0,0.0,0.0,10.0,0.00.0,0.0,0.0,10.0,0.00.0,0.0,0.0,10.0,0.00.0,0.0,0.0,10.0,0.00.0,0.0,0.0,10.0,0.00.0,0.0,0.0,10.0,0.00.0,0.0,0.0,10.0,0.00.0,0.0,0.0,10.0,0.00.0,0.0,0.0,10.0,0.00.0,0.0,0.0,10.0,0.00.0,0.0,0.0,10.0,0.00.0,0.0,0.0,10.0,0.00.0,0.0,0.0,10.0,0.00.0,0.0,0.0,10.0,0.00.0,0.0,0.0,10.0,0.00.0,0.0,0.0,10.0,0.00.0,0.0,0.0,10.0,0.00.0,0.0,0.0,10.0,0.00.0,0.0,0.0,10.0,0.00.0,0.0,0.0,10.0,0.00.0,0.0,0.0,10.0,0.00.0,0.0,0.0,10.0,0.00.0,0.0,0.0,10.0,0.00.0,0.0,0.0,10.0,0.00.0,0.0,0.0,10.0,0.0
260.0,0.0,0.0,10.0,0.00.0,0.0,0.0,10.0,0.00.0,0.0,0.0,10.0,0.00.0,0.0,0.0,10.0,0.00.0,0.0,0.0,10.0,0.00.0,0.0,0.0,10.0,0.00.0,0.0,0.0,10.0,0.00.0,0.0,0.0,10.0,0.00.0,0.0,0.0,10.0,0.00.0,0.0,0.0,10.0,0.00.0,0.0,0.0,10.0,0.00.0,0.0,0.0,10.0,0.00.0,0.0,0.0,10.0,0.00.0,0.0,0.0,10.0,0.00.0,0.0,0.0,10.0,0.00.0,0.0,0.0,10.0,0.00.0,0.0,0.0,10.0,0.00.0,0.0,0.0,10.0,0.00.0,0.0,0.0,10.0,0.00.0,0.0,0.0,10.0,0.00.0,0.0,0.0,10.0,0.00.0,0.0,0.0,10.0,0.00.0,0.0,0.0,10.0,0.00.0,0.0,0.0,10.0,0.00.0,0.0,0.0,10.0,0.0
260.0,0.0,0.0,10.0,0.00.0,0.0,0.0,10.0,0.00.0,0.0,0.003448888888888889,9.835964444444445,0.105902222222222220.0,0.0,0.0,10.0,0.00.0,0.0,0.0,10.0,0.00.0,0.0,0.0,10.0,0.00.00192,0.0,0.012408888888888888,9.515004444444445,0.325262222222222230.0064177777777777775,1.77088,0.012391111111111111,7.228337777777778,0.65532444444444450.0032533333333333333,0.0,0.003573333333333333,9.361973333333333,0.47493333333333330.0,0.0,0.0,10.0,0.00.0022755555555555554,0.0,0.001048888888888889,9.98855111111111,0.00181333333333333350.02056888888888889,1.4303466666666667,0.04352,7.528284444444444,0.60163555555555550.0032,9.80608,0.0,0.08995555555555555,0.032657777777777780.006915555555555556,1.7872177777777778,0.0016888888888888889,7.238151111111111,0.66449777777777770.0016355555555555557,2.844444444444444E-4,0.0015288888888888887,9.69088,0.220142222222222240.0,0.0,0.0,10.0,0.00.02168888888888889,0.0,0.028604444444444446,9.517759999999999,0.34296888888888890.04135111111111111,1.5579377777777779,0.030240000000000003,7.400853333333334,0.65349333333333330.0032,0.0,0.0016533333333333333,9.380088888888888,0.46506666666666670.0,0.0,0.0,10.0,0.00.0,0.0,0.0,10.0,0.00.0,0.0,0.0,10.0,0.00.0057777777777777775,0.0,0.0057955555555555555,9.841724444444445,0.108942222222222220.0,0.0,0.0,10.0,0.00.0,0.0,0.0,10.0,0.0
260.0,0.0,0.0,10.0,0.00.0,0.0,0.0,10.0,0.00.0,0.0,0.0034666666666666665,9.83616,0.105724444444444450.0,0.0,0.0,10.0,0.00.0,0.0,0.0,10.0,0.00.0,0.0,0.0,10.0,0.00.0035199999999999997,0.0,0.015982222222222224,9.368053333333334,0.42794666666666670.008017777777777778,1.7708088888888889,0.012817777777777777,7.2268799999999995,0.65438222222222220.0033244444444444445,3.555555555555555E-5,0.002862222222222222,9.50904888888889,0.365351111111111070.0,0.0,0.0,10.0,0.00.008782222222222223,0.0,0.025102222222222224,9.685315555555556,0.187644444444444450.019928888888888892,1.7876800000000002,0.031075555555555558,7.241475555555556,0.54762666666666670.0016,9.806275555555557,0.0,0.09002666666666667,0.0343822222222222240.006737777777777778,1.4297244444444446,0.002951111111111111,7.529422222222221,0.72259555555555540.0,0.0,1.422222222222222E-4,9.988888888888889,0.0026133333333333330.0,0.0,0.0,10.0,0.00.02984888888888889,0.0,0.03475555555555555,9.372515555555555,0.44695111111111110.038488888888888885,1.5594488888888889,0.029742222222222222,7.401422222222223,0.65411555555555560.0016,0.0,0.0016355555555555557,9.523466666666668,0.35809777777777780.0,0.0,0.0,10.0,0.00.0,0.0,0.0,10.0,0.00.0,0.0,0.0,10.0,0.00.007875555555555556,1.7777777777777777E-5,0.0067555555555555554,9.84103111111111,0.108302222222222220.0,0.0,0.0,10.0,0.00.0,0.0,0.0,10.0,0.0
260.0,0.0,0.0,10.0,0.00.0,0.0,0.0,10.0,0.00.0016,0.0,0.0031111111111111114,9.841102222222222,0.101493333333333320.0,0.0,0.0,10.0,0.00.0,0.0,0.0,10.0,0.00.0,0.0,0.0,10.0,0.00.003608888888888889,0.0,0.01672888888888889,9.332746666666667,0.454151111111111170.006488888888888889,1.6949155555555557,0.013617777777777777,7.3088355555555555,0.65240888888888890.0016888888888888889,0.0,0.0024533333333333334,9.60759111111111,0.291768888888888860.0,0.0,0.0,10.0,0.00.01072,0.0,0.03164444444444445,9.627164444444444,0.222115555555555540.021315555555555553,1.7013155555555557,0.030808888888888893,7.324248888888889,0.54990222222222230.0,9.706631111111111,0.0,0.16739555555555558,0.042435555555555560.008373333333333333,1.0558222222222222,0.002968888888888889,8.041120000000001,0.62526222222222220.0,0.0,0.0,10.0,0.00.0,0.0,0.0,10.0,0.00.030026666666666667,0.0,0.03546666666666667,9.340977777777779,0.471626666666666640.04008888888888889,1.4909155555555555,0.030435555555555556,7.474435555555555,0.65507555555555550.0016,0.0,9.777777777777777E-4,9.619217777777777,0.28549333333333330.0,0.0,0.0,10.0,0.00.0,0.0,0.0,10.0,0.00.0,0.0,0.0,10.0,0.00.006542222222222223,1.7777777777777777E-5,0.007128888888888889,9.846613333333334,0.104515555555555560.0,0.0,0.0,10.0,0.00.0,0.0,0.0,10.0,0.0
260.0,0.0,0.0,10.0,0.00.0,0.0,0.0,10.0,0.00.0,0.0,0.003448888888888889,9.835964444444445,0.105902222222222220.0,0.0,0.0,10.0,0.00.0,0.0,0.0,10.0,0.00.0,0.0,0.0,10.0,0.00.00192,0.0,0.012408888888888888,9.515004444444445,0.325262222222222230.0064177777777777775,1.77088,0.012391111111111111,7.228337777777778,0.65532444444444450.0032533333333333333,0.0,0.003573333333333333,9.361973333333333,0.47493333333333330.0,0.0,0.0,10.0,0.00.0022755555555555554,0.0,0.001048888888888889,9.98855111111111,0.00181333333333333350.02056888888888889,1.4303466666666667,0.04352,7.528284444444444,0.60163555555555550.0032,9.80608,0.0,0.08995555555555555,0.032657777777777780.006915555555555556,1.7872177777777778,0.0016888888888888889,7.238151111111111,0.66449777777777770.0016355555555555557,2.844444444444444E-4,0.0015288888888888887,9.69088,0.220142222222222240.0,0.0,0.0,10.0,0.00.02168888888888889,0.0,0.028604444444444446,9.517759999999999,0.34296888888888890.04135111111111111,1.5579377777777779,0.030240000000000003,7.400853333333334,0.65349333333333330.0032,0.0,0.0016533333333333333,9.380088888888888,0.46506666666666670.0,0.0,0.0,10.0,0.00.0,0.0,0.0,10.0,0.00.0,0.0,0.0,10.0,0.00.0057777777777777775,0.0,0.0057955555555555555,9.841724444444445,0.108942222222222220.0,0.0,0.0,10.0,0.00.0,0.0,0.0,10.0,0.0
260.0,0.0,0.0,10.0,0.00.0,0.0,0.0,10.0,0.00.0,0.0,0.0034666666666666665,9.83616,0.105724444444444450.0,0.0,0.0,10.0,0.00.0,0.0,0.0,10.0,0.00.0,0.0,0.0,10.0,0.00.0035199999999999997,0.0,0.015982222222222224,9.368053333333334,0.42794666666666670.008017777777777778,1.7708088888888889,0.012817777777777777,7.2268799999999995,0.65438222222222220.0033244444444444445,3.555555555555555E-5,0.002862222222222222,9.50904888888889,0.365351111111111070.0,0.0,0.0,10.0,0.00.008782222222222223,0.0,0.025102222222222224,9.685315555555556,0.187644444444444450.019928888888888892,1.7876800000000002,0.031075555555555558,7.241475555555556,0.54762666666666670.0016,9.806275555555557,0.0,0.09002666666666667,0.0343822222222222240.006737777777777778,1.4297244444444446,0.002951111111111111,7.529422222222221,0.72259555555555540.0,0.0,1.422222222222222E-4,9.988888888888889,0.0026133333333333330.0,0.0,0.0,10.0,0.00.02984888888888889,0.0,0.03475555555555555,9.372515555555555,0.44695111111111110.038488888888888885,1.5594488888888889,0.029742222222222222,7.401422222222223,0.65411555555555560.0016,0.0,0.0016355555555555557,9.523466666666668,0.35809777777777780.0,0.0,0.0,10.0,0.00.0,0.0,0.0,10.0,0.00.0,0.0,0.0,10.0,0.00.007875555555555556,1.7777777777777777E-5,0.0067555555555555554,9.84103111111111,0.108302222222222220.0,0.0,0.0,10.0,0.00.0,0.0,0.0,10.0,0.0
260.0,0.0,0.0,10.0,0.00.0,0.0,0.0,10.0,0.00.0016,0.0,0.0031111111111111114,9.841102222222222,0.101493333333333320.0,0.0,0.0,10.0,0.00.0,0.0,0.0,10.0,0.00.0,0.0,0.0,10.0,0.00.003608888888888889,0.0,0.01672888888888889,9.332746666666667,0.454151111111111170.006488888888888889,1.6949155555555557,0.013617777777777777,7.3088355555555555,0.65240888888888890.0016888888888888889,0.0,0.0024533333333333334,9.60759111111111,0.291768888888888860.0,0.0,0.0,10.0,0.00.01072,0.0,0.03164444444444445,9.627164444444444,0.222115555555555540.021315555555555553,1.7013155555555557,0.030808888888888893,7.324248888888889,0.54990222222222230.0,9.706631111111111,0.0,0.16739555555555558,0.042435555555555560.008373333333333333,1.0558222222222222,0.002968888888888889,8.041120000000001,0.62526222222222220.0,0.0,0.0,10.0,0.00.0,0.0,0.0,10.0,0.00.030026666666666667,0.0,0.03546666666666667,9.340977777777779,0.471626666666666640.04008888888888889,1.4909155555555555,0.030435555555555556,7.474435555555555,0.65507555555555550.0016,0.0,9.777777777777777E-4,9.619217777777777,0.28549333333333330.0,0.0,0.0,10.0,0.00.0,0.0,0.0,10.0,0.00.0,0.0,0.0,10.0,0.00.006542222222222223,1.7777777777777777E-5,0.007128888888888889,9.846613333333334,0.104515555555555560.0,0.0,0.0,10.0,0.00.0,0.0,0.0,10.0,0.0
260.0038261889882280917,0.0,0.0,9.996173811011772,0.00.003868702199208404,0.0,0.013434174669778635,9.230808473733212,0.53047984661233480.007652377976456183,0.0,0.02631567759681321,8.661896684394675,0.98758189107265080.0,0.0,0.005314151372539017,9.433128844788518,0.410167459538051450.0,0.0,0.0,10.0,0.00.0046764532078343345,0.0,0.022999647140348863,9.297426675339363,0.50998847891982440.003996241832149341,1.397154165656978,0.014411978522325813,7.727073688148592,0.50390908974963970.007652377976456183,6.460987751943916,0.0,3.0261753840005783,0.211248145361170980.003953728621169029,0.4401817864901518,0.0041662946760705885,8.495499976617735,0.77340033415383823.401056878424971E-4,4.251321098031214E-5,0.0025933058697990403,9.33118216485773,0.48571343545006610.030822077960726297,0.0,0.08077510086259304,8.748751174427454,0.85238988015525820.007652377976456183,7.489637404823549,0.0,2.0564915547506386,0.040770169330119340.0038261889882280917,9.996173811011772,0.0,0.0,0.06.37698164704682E-4,5.421369690631364,0.0,4.041986047164156,0.27693105632575323.401056878424971E-4,6.802113756849942E-4,0.0057817966933224494,8.50332240743811,1.14513585096568750.037581678506595925,0.0,0.02491274163446291,9.310690797165218,0.496894409937888140.02771861355916351,1.2869174095850286,0.03949477300070997,7.816521484051169,0.50594972387669470.0,6.24625352328236,0.0,3.2475841867860438,0.124733761016235790.0,0.3581738025091297,0.0014879623843109247,8.565094102992505,0.77246504351227140.0,0.0,0.0012328831184290519,9.367658499878837,0.44847186263131270.0,0.0,0.0,10.0,0.00.058625717941850425,0.0,0.06619306949634599,9.19637277283916,0.55339446733072310.041407867494824016,1.7005284392124855E-4,0.038176863460320294,8.59174988627716,1.08995370311324250.0,1.275396329409364E-4,0.0032735172454840342,9.434574293961848,0.430191181909778450.0,0.0,0.0,10.0,0.0
270.0038261889882280917,0.0,0.0,9.996173811011772,0.00.003911215410188716,0.0,0.010883382010959907,9.451409525510053,0.34950110746914610.0038261889882280917,0.0,0.029121549521513808,8.667848533931918,0.9771236411714940.007652377976456183,0.0,0.008630181829003363,9.205258033934046,0.57979517134949690.0,0.0,0.0,10.0,0.00.004591426785873711,0.0,0.020491367692510448,9.329099017519694,0.488221714897904565.526717427440577E-4,0.42317650209802693,0.020916499802313568,8.5154386725675,0.6970891204441780.007652377976456183,6.444535139294536,0.0,3.043988419401329,0.18948138133925120.004038755043129652,1.430952168386326,0.004591426785873711,7.69004468138474,0.59760820675024765.101585317637456E-4,0.0,0.0023807398148974796,9.297511701761321,0.51989405707823710.041407867494824016,0.0,0.10539025002019378,8.47726180910718,1.03171060407021490.0038261889882280917,5.377751136165564,2.9759247686218495E-4,4.100356685840125,0.0463819131795205340.0038261889882280917,9.996173811011772,0.0,0.0,0.01.7005284392124855E-4,7.533298472500329,0.0,2.00760136212328,0.23509805672112612.1256605490156064E-4,4.251321098031214E-5,0.005016558895676831,8.762950586894878,0.93932939660999650.03350041025248596,0.0,0.02367985851603386,9.361281518231792,0.459482784275213550.041875512815607446,0.35094655664247665,0.0483800340955952,8.552935324652136,0.71192623107630690.0,6.244042836311384,0.0,3.254768919441717,0.115253314967626180.0,1.2975031991191264,0.0015729888062715489,7.812185136531177,0.57605400878322930.0,0.0,0.0021256605490156066,9.322254390551864,0.48694631856849520.0,0.0,0.0,10.0,0.00.03213998750111597,0.0,0.04523405648305211,9.438145403684196,0.379983079742029830.07975478379906556,4.251321098031214E-5,0.06738343940379474,8.589411659673244,1.05483779084350450.0,1.7005284392124855E-4,0.005059072106657144,9.193864493391322,0.62711237517058430.0,0.0,0.0,10.0,0.0
260.003974299529707889,0.0,0.0,9.996025700470293,0.00.0,0.0,0.008831776732684198,9.570334061954913,0.259124329336954340.003974299529707889,0.0,0.02684860126735996,8.653993067055264,0.98151950718685830.003974299529707889,0.0,0.013998366121304453,9.1033980260979,0.65911549756022160.0,0.0,0.0,10.0,0.00.008610982314367093,0.0,0.02101962862378839,9.343887306528892,0.47272084961692178.390187896049988E-4,0.14863880241107505,0.024728974851515755,8.682652182552825,0.79883420547128580.004150935064361573,5.9318186836236775,0.0,3.5575721445761848,0.187277825616568420.008169393477732883,2.131505155549668,0.004106776180698152,7.065598021682011,0.5177629109536115.299066039610519E-4,0.0,0.002914486321785785,9.281049215075843,0.53463160451303790.04124439734163521,0.0,0.12470468746550087,8.324700271577134,1.12636064560287920.007948599059415778,4.268441853789936,4.415888366342099E-5,5.17762910953611,0.049987856306992560.007948599059415778,9.992051400940586,0.0,0.0,0.02.2079441831710493E-4,8.433375284272813,0.0,1.2192709368307169,0.164889271599213962.2079441831710493E-4,0.07308295246296173,0.005564019341591044,8.726457795146938,0.89889823585259760.028040891126272328,0.0,0.023448367225276545,9.387383806937361,0.44030822900797070.04446799584906493,0.11008809697290853,0.049281314168377825,8.691395641518183,0.83469121900598350.003974299529707889,5.766929412024464,0.0,3.7259941268684726,0.10686449846547880.0,2.0005740654876245,0.0013247665099026297,7.192731447749001,0.484687907089708770.0,0.0,0.0014130842772294716,9.295224216731802,0.51038837738181970.0,0.0,0.0,10.0,0.00.023492526108939964,0.0,0.03740257446291758,9.555364200393013,0.29392152966373010.09357267448278908,4.415888366342099E-5,0.08575655207436356,8.578260581572497,1.04245876664237920.0,1.3247665099026297E-4,0.005784813759908149,9.074429798414696,0.72619284184495810.0,0.0,0.0,10.0,0.0
260.0038261889882280917,0.0,0.0,9.996173811011772,0.00.003868702199208404,0.0,0.013434174669778635,9.230808473733212,0.53047984661233480.007652377976456183,0.0,0.02631567759681321,8.661896684394675,0.98758189107265080.0,0.0,0.005314151372539017,9.433128844788518,0.410167459538051450.0,0.0,0.0,10.0,0.00.0046764532078343345,0.0,0.022999647140348863,9.297426675339363,0.50998847891982440.003996241832149341,1.397154165656978,0.014411978522325813,7.727073688148592,0.50390908974963970.007652377976456183,6.460987751943916,0.0,3.0261753840005783,0.211248145361170980.003953728621169029,0.4401817864901518,0.0041662946760705885,8.495499976617735,0.77340033415383823.401056878424971E-4,4.251321098031214E-5,0.0025933058697990403,9.33118216485773,0.48571343545006610.030822077960726297,0.0,0.08077510086259304,8.748751174427454,0.85238988015525820.007652377976456183,7.489637404823549,0.0,2.0564915547506386,0.040770169330119340.0038261889882280917,9.996173811011772,0.0,0.0,0.06.37698164704682E-4,5.421369690631364,0.0,4.041986047164156,0.27693105632575323.401056878424971E-4,6.802113756849942E-4,0.0057817966933224494,8.50332240743811,1.14513585096568750.037581678506595925,0.0,0.02491274163446291,9.310690797165218,0.496894409937888140.02771861355916351,1.2869174095850286,0.03949477300070997,7.816521484051169,0.50594972387669470.0,6.24625352328236,0.0,3.2475841867860438,0.124733761016235790.0,0.3581738025091297,0.0014879623843109247,8.565094102992505,0.77246504351227140.0,0.0,0.0012328831184290519,9.367658499878837,0.44847186263131270.0,0.0,0.0,10.0,0.00.058625717941850425,0.0,0.06619306949634599,9.19637277283916,0.55339446733072310.041407867494824016,1.7005284392124855E-4,0.038176863460320294,8.59174988627716,1.08995370311324250.0,1.275396329409364E-4,0.0032735172454840342,9.434574293961848,0.430191181909778450.0,0.0,0.0,10.0,0.0
270.0038261889882280917,0.0,0.0,9.996173811011772,0.00.003911215410188716,0.0,0.010883382010959907,9.451409525510053,0.34950110746914610.0038261889882280917,0.0,0.029121549521513808,8.667848533931918,0.9771236411714940.007652377976456183,0.0,0.008630181829003363,9.205258033934046,0.57979517134949690.0,0.0,0.0,10.0,0.00.004591426785873711,0.0,0.020491367692510448,9.329099017519694,0.488221714897904565.526717427440577E-4,0.42317650209802693,0.020916499802313568,8.5154386725675,0.6970891204441780.007652377976456183,6.444535139294536,0.0,3.043988419401329,0.18948138133925120.004038755043129652,1.430952168386326,0.004591426785873711,7.69004468138474,0.59760820675024765.101585317637456E-4,0.0,0.0023807398148974796,9.297511701761321,0.51989405707823710.041407867494824016,0.0,0.10539025002019378,8.47726180910718,1.03171060407021490.0038261889882280917,5.377751136165564,2.9759247686218495E-4,4.100356685840125,0.0463819131795205340.0038261889882280917,9.996173811011772,0.0,0.0,0.01.7005284392124855E-4,7.533298472500329,0.0,2.00760136212328,0.23509805672112612.1256605490156064E-4,4.251321098031214E-5,0.005016558895676831,8.762950586894878,0.93932939660999650.03350041025248596,0.0,0.02367985851603386,9.361281518231792,0.459482784275213550.041875512815607446,0.35094655664247665,0.0483800340955952,8.552935324652136,0.71192623107630690.0,6.244042836311384,0.0,3.254768919441717,0.115253314967626180.0,1.2975031991191264,0.0015729888062715489,7.812185136531177,0.57605400878322930.0,0.0,0.0021256605490156066,9.322254390551864,0.48694631856849520.0,0.0,0.0,10.0,0.00.03213998750111597,0.0,0.04523405648305211,9.438145403684196,0.379983079742029830.07975478379906556,4.251321098031214E-5,0.06738343940379474,8.589411659673244,1.05483779084350450.0,1.7005284392124855E-4,0.005059072106657144,9.193864493391322,0.62711237517058430.0,0.0,0.0,10.0,0.0
260.003974299529707889,0.0,0.0,9.996025700470293,0.00.0,0.0,0.008831776732684198,9.570334061954913,0.259124329336954340.003974299529707889,0.0,0.02684860126735996,8.653993067055264,0.98151950718685830.003974299529707889,0.0,0.013998366121304453,9.1033980260979,0.65911549756022160.0,0.0,0.0,10.0,0.00.008610982314367093,0.0,0.02101962862378839,9.343887306528892,0.47272084961692178.390187896049988E-4,0.14863880241107505,0.024728974851515755,8.682652182552825,0.79883420547128580.004150935064361573,5.9318186836236775,0.0,3.5575721445761848,0.187277825616568420.008169393477732883,2.131505155549668,0.004106776180698152,7.065598021682011,0.5177629109536115.299066039610519E-4,0.0,0.002914486321785785,9.281049215075843,0.53463160451303790.04124439734163521,0.0,0.12470468746550087,8.324700271577134,1.12636064560287920.007948599059415778,4.268441853789936,4.415888366342099E-5,5.17762910953611,0.049987856306992560.007948599059415778,9.992051400940586,0.0,0.0,0.02.2079441831710493E-4,8.433375284272813,0.0,1.2192709368307169,0.164889271599213962.2079441831710493E-4,0.07308295246296173,0.005564019341591044,8.726457795146938,0.89889823585259760.028040891126272328,0.0,0.023448367225276545,9.387383806937361,0.44030822900797070.04446799584906493,0.11008809697290853,0.049281314168377825,8.691395641518183,0.83469121900598350.003974299529707889,5.766929412024464,0.0,3.7259941268684726,0.10686449846547880.0,2.0005740654876245,0.0013247665099026297,7.192731447749001,0.484687907089708770.0,0.0,0.0014130842772294716,9.295224216731802,0.51038837738181970.0,0.0,0.0,10.0,0.00.023492526108939964,0.0,0.03740257446291758,9.555364200393013,0.29392152966373010.09357267448278908,4.415888366342099E-5,0.08575655207436356,8.578260581572497,1.04245876664237920.0,1.3247665099026297E-4,0.005784813759908149,9.074429798414696,0.72619284184495810.0,0.0,0.0,10.0,0.0
