Timestamp,SilhouetteCoefficient
2025-01-28 17:33:43,0,2618
2025-01-28 17:35:00,0,2287
2025-01-28 17:36:14,0,2267
2025-01-28 17:37:54,0,2458
2025-01-28 17:40:01,0,2350
2025-01-28 17:43:09,0,2300
2025-01-28 17:44:43,0,2196
2025-01-28 17:46:16,0,1942
2025-01-28 17:48:27,0,2128
2025-01-28 17:50:51,0,2119
2025-01-28 17:54:27,0,2300
2025-01-28 17:56:00,0,2196
2025-01-28 17:57:30,0,1942
2025-01-28 17:59:06,0,2128
2025-01-28 18:01:15,0,2119
2025-01-28 18:07:05,0,2300
2025-01-28 18:08:40,0,2196
2025-01-28 18:10:14,0,1942
2025-01-28 18:11:49,0,2128
2025-01-28 18:13:48,0,2119
2025-01-28 18:16:23,0,2382
2025-01-28 18:19:22,0,2236
2025-01-28 18:22:02,0,2269
2025-01-28 18:24:25,0,2129
2025-01-28 18:26:49,0,2133
2025-01-28 18:29:10,0,2232
2025-01-28 18:31:39,0,2206
2025-01-28 18:34:08,0,2263
2025-01-28 18:36:33,0,2049
2025-01-28 18:38:50,0,2260
2025-01-28 18:40:58,0,1897
2025-01-28 18:43:12,0,2267
2025-01-28 18:45:20,0,2337
2025-01-28 18:47:29,0,2132
2025-01-28 18:49:36,0,2304
2025-01-28 18:51:16,0,2156
2025-01-28 18:53:03,0,2041
2025-01-28 18:54:39,0,2243
2025-01-28 18:56:14,0,1981
2025-01-28 18:57:48,0,2298
2025-01-28 18:59:19,0,2163
2025-01-28 19:00:49,0,2237
2025-01-28 19:02:19,0,2144
2025-01-28 19:03:48,0,2157
2025-01-28 19:05:16,0,2128
2025-01-28 19:06:45,0,2178
2025-01-28 19:08:12,0,2157
2025-01-28 19:09:39,0,2272
2025-01-28 19:11:06,0,2150
2025-01-28 19:12:32,0,2283
2025-01-28 19:13:58,0,2039
2025-01-28 19:15:24,0,2279
2025-01-28 19:16:51,0,2149
2025-01-28 19:18:22,0,2289
2025-01-28 19:19:51,0,2141
2025-01-28 19:21:21,0,2171
2025-01-28 19:22:50,0,2132
2025-01-28 19:24:19,0,2152
2025-01-28 19:25:48,0,2030
2025-01-28 19:27:19,0,2214
2025-01-28 19:28:48,0,2090
2025-01-28 19:30:18,0,2210
2025-01-28 19:31:48,0,2151
2025-01-28 19:33:19,0,2171
2025-01-28 19:34:48,0,2116
2025-01-28 19:36:21,0,2240
2025-01-28 19:37:53,0,2195
2025-01-28 19:39:26,0,2121
2025-01-28 19:40:59,0,2230
2025-01-28 19:42:51,0,2107
2025-01-28 19:44:43,0,2045
2025-01-28 19:47:00,0,2175
2025-01-28 19:49:18,0,2203
2025-01-28 19:51:36,0,2327
2025-01-28 19:54:13,0,2174
2025-01-28 19:56:38,0,2132
2025-01-28 19:58:45,0,2157
2025-01-28 20:00:52,0,2322
2025-01-28 20:03:17,0,2168
2025-01-28 20:05:39,0,2122
2025-01-28 20:07:56,0,2265
2025-01-28 20:10:06,0,2292
2025-01-28 20:12:20,0,2205
2025-01-28 20:14:34,0,2222
2025-01-28 20:16:50,0,2283
2025-01-28 20:19:11,0,2398
2025-01-28 20:21:20,0,1929
2025-01-28 20:23:38,0,2287
2025-01-28 20:26:04,0,2316
2025-01-28 20:28:22,0,2262
2025-01-28 20:30:55,0,1977
2025-01-28 20:33:11,0,2042
2025-01-28 20:35:23,0,2331
2025-01-28 20:37:39,0,2144
2025-01-28 20:39:52,0,2066
2025-01-28 20:42:07,0,2037
2025-01-28 20:44:17,0,2109
2025-01-28 20:46:28,0,2004
2025-01-28 20:48:41,0,2272
2025-01-28 20:50:57,0,2159
2025-01-28 20:53:10,0,2223
2025-01-28 20:55:23,0,2154
2025-01-28 20:57:32,0,2026
2025-01-28 20:59:37,0,2144
2025-01-28 21:01:38,0,2104
2025-01-28 21:03:52,0,2257
2025-01-28 21:06:09,0,2084
2025-01-28 21:08:20,0,2284
2025-01-28 21:10:32,0,2266
2025-01-28 21:12:45,0,2142
2025-01-28 21:15:05,0,2234
2025-01-28 21:17:20,0,2008
2025-01-28 21:19:33,0,2375
2025-01-28 21:21:48,0,2322
2025-01-28 21:24:05,0,2074
2025-01-28 21:26:18,0,2284
2025-01-28 21:28:25,0,2101
2025-01-28 21:30:25,0,2394
2025-01-28 21:32:09,0,2308
2025-01-28 21:33:49,0,2158
2025-01-28 21:35:23,0,2373
2025-01-28 21:36:56,0,2340
2025-01-28 21:38:29,0,2201
2025-01-28 21:40:34,0,2079
2025-01-28 21:42:56,0,2109
2025-01-28 21:44:59,0,2328
2025-01-28 21:47:05,0,2148
2025-01-28 21:49:12,0,2261
2025-01-28 21:51:13,0,2253
2025-01-28 21:53:18,0,1880
2025-01-28 21:55:22,0,2183
2025-01-28 21:57:29,0,2109
2025-01-28 21:59:39,0,2073
2025-01-28 22:01:55,0,2015
2025-01-28 22:04:11,0,2177
